"ID","Template/Display Name","Display Name","Start Date","End Date","Event","Has Online Sessions","Homedomain","Responsible","Venue","Teasertext","Template/Teaching Units","Units","Venue (formatted for one line uses)","Venue/Display Name","Venue/Street","Venue/Zip","Venue/City","Schedule","Agenda Lines/Type","Agenda Lines/Provider","Agenda Lines/Weekday","Agenda Lines/Date","Agenda Lines/Start Time","Agenda Lines/End Time","Agenda Lines/Location Hint"
"8","BX","Begleitetes Praxisprojekt in der Grundschule **Basisprojekt „Freundschaft“**","2026-02-03 09:00:00","2026-06-23 09:00:00","Begleitetes Praxisprojekt in der Grundschule **Basisprojekt „Freundschaft“**","","dasei","Hans Dönitz","","Der Kurs schließt das Basisjahr mit einem gemeinsam durchgeführten Projekt in der Grundschule ab. Du arbeitest Solo oder im Duo nach einer der Methoden aus Modul A oder Modul B mit einer Gruppe von ca. 10 Kindern zu einem für sie zentralen Thema. Wir begleiten diesen Prozess in Vorbereitung und Durchführung.","37.0","0.0","","","","","","DI 3.2 19:30-21:00
DI 17.3 19:30-21:00
DI 31.3 19:30-21:00
DI 5.5 19:30-21:00
(DI 2.6 19:30-21:00*)
DI 23.6 19:30-21:00","Session","","TUE","2026-02-03","19:30","21:00",""
"","","","","","","","","","","","","","","","","","","","Session","","TUE","2026-03-17","19:30","21:00",""
"","","","","","","","","","","","","","","","","","","","Session","","TUE","2026-03-31","19:30","21:00",""
"","","","","","","","","","","","","","","","","","","","Session","","TUE","2026-05-05","19:30","21:00",""
"","","","","","","","","","","","","","","","","","","","Session","","TUE","2026-06-02","19:30","21:00",""
"","","","","","","","","","","","","","","","","","","","Session","","TUE","2026-06-23","19:30","21:00",""
"56","AA","Kurseinstieg **Online-Teaser ""Einstiege ins Theaterspiel""**","2026-04-09 09:00:00","2026-04-09 09:00:00","Kurseinstieg **Online-Teaser ""Einstiege ins Theaterspiel""**","True","dasei","Hans Dönitz","","Du erwägst schon länger in die Theaterpädagogik einzusteigen? Du suchst nach qualifizierter Ausbildung in diesem Bereich? Vielleicht bist du bereits fest entschlossen, bei DAS Ei zu starten? 
Dann melde dich an, zum unverbindlichen Online-Teaser!
Hier erfährst du alles über unsere Philosophie, kannst deine Fragen direkt im Gespräch klären und erhältst wichtige Infos zum nächsten Kursstart.","0.0","0.0","","","","","","DO 18:00-20:00 _online_","Session","Microsoft Teams","THU","2026-04-09","18:00","20:00","Online"
"66","A0","Praxis, Theorie & Ausbildung bei DAS Ei **Basistag Theaterpädagogik**","2026-04-18 09:00:00","2026-04-18 09:00:00","Praxis, Theorie & Ausbildung bei DAS Ei **Basistag Theaterpädagogik**","True","dasei","Hans Dönitz","Nbg: Tanzerei","Am Basistag erlebst Du die grundsätzlichen Zusammenhänge der Theaterpädagogik von DAS Ei konzentriert und ganz praktisch am eigenen Leib. Du erarbeitest Dir ausgehend von drei Zwischenreflexionen ein Grundverständnis der Module
- Einstiege in’s Theaterspiel (Modul A)
- Szenische Themenarbeit (Modul B)
- Pädagogische Regie (Modul C)","13.0","0.0","Kaiserstr. 177, Nürnberg/Fürth  90763","Nbg: Tanzerei","Kaiserstr. 177","90763","Nürnberg/Fürth","Durchführung ist optional bei ausreichendd Teilnehmer:innen // FR 18:00-20:00 _online_
SA 09:00-18:00","Session","","SAT","2026-04-18","09:00","18:00",""
"","","","","","","","","","","","","","","","","","","","Session","Microsoft Teams","FRI","","18:00","20:00","Online"
"33","A0","Praxis, Theorie & Ausbildung bei DAS Ei **Basistag Theaterpädagogik**","2026-04-19 09:00:00","2026-04-19 09:00:00","Praxis, Theorie & Ausbildung bei DAS Ei **Basistag Theaterpädagogik**","True","dasei","Hans Dönitz","Mue: Kineo","Am Basistag erlebst Du die grundsätzlichen Zusammenhänge der Theaterpädagogik von DAS Ei konzentriert und ganz praktisch am eigenen Leib. Du erarbeitest Dir ausgehend von drei Zwischenreflexionen ein Grundverständnis der Module
- Einstiege in’s Theaterspiel (Modul A)
- Szenische Themenarbeit (Modul B)
- Pädagogische Regie (Modul C)","13.0","0.0","Schwanthalerstraße 91, München  80336","Mue: Kineo","Schwanthalerstraße 91","80336","München","FR 18:00-20:00 _online_
SO 09:30-18:30","Session","","SUN","2026-04-19","09:30","18:30",""
"","","","","","","","","","","","","","","","","","","","Session","Microsoft Teams","FRI","","18:00","20:00","Online"
"14","B5","Selbsterfahrung in der Fremdrolle **Problemzentriertes Rollenspiel**","2026-04-23 09:00:00","2026-04-26 09:00:00","Selbsterfahrung in der Fremdrolle **Problemzentriertes Rollenspiel**","","dasei","Christine Oppel","Burgstallmühle","An diesem WE wird der Fokus kleiner, persönlicher. Anhand fiktiver, sozialer Konflikte werden Situationskarten entwickelt und Rollenspiele angelegt. In der Auswertung fließen dann sämtliche Betrachtungen, nämlich aus der Rolle der Spieler:innen und der Beobachter:innen ein.  Im übenden Rollenspiel kannst du Verhaltensänderungen und Ziele ausprobieren und Lösungsmöglichkeiten mit der Gruppe erarbeiten.","37.0","0.0","Burgstallmühle 1, Voggendorf (bei Bechhofen), Burgstallmühle / Voggendorf  91572","Burgstallmühle","Burgstallmühle 1, Voggendorf (bei Bechhofen)","91572","Burgstallmühle / Voggendorf","DO 19:00-21:00
FR 09:00-18:00
SA 09:00-18:00
SO 09:00-15:00
Di. 18:00-21:00 ONLINE","Session","","THU","2026-04-23","19:00","21:00",""
"","","","","","","","","","","","","","","","","","","","Session","","FRI","2026-04-24","09:00","18:00",""
"","","","","","","","","","","","","","","","","","","","Session","","SAT","2026-04-25","09:00","18:00",""
"","","","","","","","","","","","","","","","","","","","Session","","SUN","2026-04-26","09:00","15:00",""
"57","AA","Kurseinstieg **Online-Teaser ""Einstiege ins Theaterspiel""**","2026-04-30 09:00:00","2026-04-30 09:00:00","Kurseinstieg **Online-Teaser ""Einstiege ins Theaterspiel""**","True","dasei","Hans Dönitz","","Du erwägst schon länger in die Theaterpädagogik einzusteigen? Du suchst nach qualifizierter Ausbildung in diesem Bereich? Vielleicht bist du bereits fest entschlossen, bei DAS Ei zu starten? 
Dann melde dich an, zum unverbindlichen Online-Teaser!
Hier erfährst du alles über unsere Philosophie, kannst deine Fragen direkt im Gespräch klären und erhältst wichtige Infos zum nächsten Kursstart.","0.0","0.0","","","","","","DO 18:00-20:00 _online_","Session","Microsoft Teams","THU","2026-04-30","18:00","20:00","Online"
"43","LD","Das Zwei Kreise-Modell in der Anwendung **Elementare Animation im Praxisfeld**","2026-05-01 09:00:00","2026-05-03 09:00:00","Das Zwei Kreise-Modell in der Anwendung **Elementare Animation im Praxisfeld**","True","dasei","Hans Dönitz","Nbg: Tanzerei","Wir erspielen uns drei Animations-Konzepte der Elementaren Animation und diskutieren die Anwendungsmöglichkeiten:
• das Bauernhof-Spiel für Kinder im Übergang von Krippe zu Kindergarten
• Jugendliche machen Hip-Hop-Theater
• Einstiegsanimation aus dem Bereich Fachkräfte & Unternehmenstheater","24.0","0.0","Kaiserstr. 177, Nürnberg/Fürth  90763","Nbg: Tanzerei","Kaiserstr. 177","90763","Nürnberg/Fürth","FR 18:00-21:00
SA 09:00-18:00
SO 09:00-14:00
DI 5.5 18:00-19:30 _online_","Session","","FRI","2026-05-01","18:00","21:00",""
"","","","","","","","","","","","","","","","","","","","Session","","SAT","2026-05-02","09:00","18:00",""
"","","","","","","","","","","","","","","","","","","","Session","","SUN","2026-05-03","09:00","14:00",""
"","","","","","","","","","","","","","","","","","","","Session","Microsoft Teams","TUE","2026-05-05","18:00","19:30","Online"
"6","C0","Das Fundament entsteht **Theoretische Einführung**","2026-05-09 09:00:00","2026-05-09 09:00:00","Das Fundament entsteht **Theoretische Einführung**","","dasei","Esther Sambale","","Du lernst zwei verschiedene konzeptionelle Ansätze kennen:   
Im episch-dramatischen Modell erfährst du, wie du eine Geschichte spannend erzählen kannst (C1-C4). Im performativ-postdramatischen Modell erarbeitet ihr eine szenische Collage und beleuchtet ein Thema aus verschiedenen Perspektiven (C5-C8). JedeR Teilnehmende wird sowohl in die Leitungsverantwortung (Regie) gehen als auch als Spieler:in die Bühne betreten.","8.0","0.0","","","","","","THEORIE-SEMINAR:
09:00-12:00 / 14:00-16:00 Uhr","Session","","SAT","2026-05-09","09:00","12:00",""
"","","","","","","","","","","","","","","","","","","","Session","","SAT","2026-05-09","14:00","16:00",""
"21","A1","Einführung in die Kreisanimation **Am Anfang war der Kreis**","2026-05-14 09:00:00","2026-05-17 09:00:00","Einführung in die Kreisanimation **Am Anfang war der Kreis**","","dasei","Hans Dönitz","Burgstallmühle","Den Einstieg in die elementare Animation bilden die Kreisspiele. Hier kommen Grundregeln und -phänomene von interaktivem Spiel sehr deutlich zum Vorschein. Zunächst beschäftigen wir uns mit den einfachen und offensichtlichen Impulsen entlang der Kreisbahn und quer durch die Kreismitte und lernen dann, zahlreiche Grundanforderungen des Theaterspiels im Kreisspiel zu trainieren.","17.0","0.0","Burgstallmühle 1, Voggendorf (bei Bechhofen), Burgstallmühle / Voggendorf  91572","Burgstallmühle","Burgstallmühle 1, Voggendorf (bei Bechhofen)","91572","Burgstallmühle / Voggendorf","DO 19:00-21:00
FR 09:00-18:00
SA 09:00-18:00
SO 09:00-15:00
Di. 18:00-21:00 ONLINE","Session","","THU","2026-05-14","19:00","21:00",""
"","","","","","","","","","","","","","","","","","","","Session","","FRI","2026-05-15","09:00","18:00",""
"","","","","","","","","","","","","","","","","","","","Session","","SAT","2026-05-16","09:00","18:00",""
"","","","","","","","","","","","","","","","","","","","Session","","SUN","2026-05-17","09:00","15:00",""
"49","LA","Anfänge verstehen und gestalten **Thematische Warm Ups**","2026-05-15 09:00:00","2026-05-17 09:00:00","Anfänge verstehen und gestalten **Thematische Warm Ups**","","dasei","Cornelia Jung","Nbg: Tanzerei","Anfänge sind emotional anstrengend und bedürfen bewusster Gestaltung, um kreative Gruppenprozesse in Gang zu bringen. Das Seminar befasst sich mit den spezifischen Herausforderungen klassischer Anfangssituationen in der Theaterarbeit.","21.0","0.0","Kaiserstr. 177, Nürnberg/Fürth  90763","Nbg: Tanzerei","Kaiserstr. 177","90763","Nürnberg/Fürth","FR 19:00-21:30
SA 09:00-18:00
SO 09:00-15:00","Session","","FRI","2026-05-15","19:00","21:30",""
"","","","","","","","","","","","","","","","","","","","Session","","SAT","2026-05-16","09:00","18:00",""
"","","","","","","","","","","","","","","","","","","","Session","","SUN","2026-05-17","09:00","15:00",""
"58","AA","Kurseinstieg **Online-Teaser ""Einstiege ins Theaterspiel""**","2026-05-21 09:00:00","2026-05-21 09:00:00","Kurseinstieg **Online-Teaser ""Einstiege ins Theaterspiel""**","True","dasei","Hans Dönitz","","Du erwägst schon länger in die Theaterpädagogik einzusteigen? Du suchst nach qualifizierter Ausbildung in diesem Bereich? Vielleicht bist du bereits fest entschlossen, bei DAS Ei zu starten? 
Dann melde dich an, zum unverbindlichen Online-Teaser!
Hier erfährst du alles über unsere Philosophie, kannst deine Fragen direkt im Gespräch klären und erhältst wichtige Infos zum nächsten Kursstart.","0.0","0.0","","","","","","DO 18:00-20:00 _online_","Session","Microsoft Teams","THU","2026-05-21","18:00","20:00","Online"
"53","C0","Das Fundament entsteht **Theoretische Einführung**","2026-06-02 09:00:00","2026-06-02 09:00:00","Das Fundament entsteht **Theoretische Einführung**","","dasei","Esther Sambale","","Du lernst zwei verschiedene konzeptionelle Ansätze kennen:   
Im episch-dramatischen Modell erfährst du, wie du eine Geschichte spannend erzählen kannst (C1-C4). Im performativ-postdramatischen Modell erarbeitet ihr eine szenische Collage und beleuchtet ein Thema aus verschiedenen Perspektiven (C5-C8). JedeR Teilnehmende wird sowohl in die Leitungsverantwortung (Regie) gehen als auch als Spieler:in die Bühne betreten.","8.0","0.0","","","","","","THEORIE-ERSATZ-SEMINAR:
19:00-20:30 Uhr","Session","","TUE","2026-06-02","19:00","20:30",""
"7","LH","Čojč Pädagogik Diversität **Čojč Pädagogik: Diversität und gesellschaftliche Bildung**","2026-06-04 09:00:00","2026-06-07 09:00:00","Čojč Pädagogik Diversität **Čojč Pädagogik: Diversität und gesellschaftliche Bildung**","","dasei","Eleanora Allerdings","","Für: Aktive in der deutsch-tschechischen Jugendarbeit, 
in der interkulturellen Jugendarbeit, Pädagog*innen  - Gastprogramm, ausgerichtet von Cojc GmbH, Infos und Anmeldung www.cojc.eu","0.0","0.0","","","","","","DO 18:00-21:00
FR 09:00-18:00
SA 09:00-18:00
SO 09:00-15:00","Session","","THU","2026-06-04","18:00","21:00",""
"","","","","","","","","","","","","","","","","","","","Session","","FRI","2026-06-05","09:00","18:00",""
"","","","","","","","","","","","","","","","","","","","Session","","SAT","2026-06-06","09:00","18:00",""
"","","","","","","","","","","","","","","","","","","","Session","","SUN","2026-06-07","09:00","15:00",""
"51","R0","Struktur und Schwerpunkte des Aufbau-Profils im Überblick **Info-Teaser ""Profil Performance und Interkult. Theater""**","2026-06-10 09:00:00","2026-06-10 09:00:00","Struktur und Schwerpunkte des Aufbau-Profils im Überblick **Info-Teaser ""Profil Performance und Interkult. Theater""**","True","dasei","Rosalin Hertrich","","Du erhältst an einem Online-Abend einen kompakten Überblick zum Profil 'Theatrales Lernen'.","3.0","0.0","","","","","","MI 19:30-21:30 _online_","Session","Microsoft Teams","WED","2026-06-10","19:30","21:30","Online"
"10","C1","Welche Themen verbindet die Gruppe **Initiierung**","2026-06-12 09:00:00","2026-06-14 09:00:00","Welche Themen verbindet die Gruppe **Initiierung**","True","dasei","Esther Sambale","Mue: Welt-Haus","Ein gemeinsames Erlebnis schweißt die Gruppe für die bevorstehende Theaterproduktion zusammen. Ein kreativer Konsensprozess ermöglicht die kritische Auseinandersetzung mit dem Thema. Hier beginnt die Identifikation mit dem entstehenden Stück und dem Ensemble.","32.0","0.0","Schwanthalerstr. 80, München  80336","Mue: Welt-Haus","Schwanthalerstr. 80","80336","München","FR 15:00-21:00*
SA 09:00-18:00
SO 09:00-16:00
DI 18:00-20:00 _online_","Session","","FRI","2026-06-12","15:00","21:00",""
"","","","","","","","","","","","","","","","","","","","Session","","SAT","2026-06-13","09:00","18:00",""
"","","","","","","","","","","","","","","","","","","","Session","","SUN","2026-06-14","09:00","16:00",""
"","","","","","","","","","","","","","","","","","","","Session","Microsoft Teams","TUE","","18:00","20:00","Online"
"38","A0","Praxis, Theorie & Ausbildung bei DAS Ei **Basistag Theaterpädagogik**","2026-06-13 09:00:00","2026-06-13 09:00:00","Praxis, Theorie & Ausbildung bei DAS Ei **Basistag Theaterpädagogik**","True","dasei","Cornelia Jung","","Am Basistag erlebst Du die grundsätzlichen Zusammenhänge der Theaterpädagogik von DAS Ei konzentriert und ganz praktisch am eigenen Leib. Du erarbeitest Dir ausgehend von drei Zwischenreflexionen ein Grundverständnis der Module
- Einstiege in’s Theaterspiel (Modul A)
- Szenische Themenarbeit (Modul B)
- Pädagogische Regie (Modul C)","13.0","0.0","","","","","","FR 18:00-20:00 _online_
SA 09:00-18:00","Session","","SAT","2026-06-13","09:00","18:00",""
"","","","","","","","","","","","","","","","","","","","Session","Microsoft Teams","FRI","","18:00","20:00","Online"
"48","A0","Praxis, Theorie & Ausbildung bei DAS Ei **Basistag Theaterpädagogik**","2026-06-14 09:00:00","2026-06-14 09:00:00","Praxis, Theorie & Ausbildung bei DAS Ei **Basistag Theaterpädagogik**","True","dasei","Cornelia Jung","Mue: Kineo","Am Basistag erlebst Du die grundsätzlichen Zusammenhänge der Theaterpädagogik von DAS Ei konzentriert und ganz praktisch am eigenen Leib. Du erarbeitest Dir ausgehend von drei Zwischenreflexionen ein Grundverständnis der Module
- Einstiege in’s Theaterspiel (Modul A)
- Szenische Themenarbeit (Modul B)
- Pädagogische Regie (Modul C)","13.0","0.0","Schwanthalerstraße 91, München  80336","Mue: Kineo","Schwanthalerstraße 91","80336","München","FR 18:00-20:00 _online_
SO 09:00-18:00","Session","Microsoft Teams","FRI","2026-06-12","18:00","20:00","Online"
"","","","","","","","","","","","","","","","","","","","Session","","SUN","2026-06-14","09:00","18:00",""
"59","AA","Kurseinstieg **Online-Teaser ""Einstiege ins Theaterspiel""**","2026-06-18 09:00:00","2026-06-18 09:00:00","Kurseinstieg **Online-Teaser ""Einstiege ins Theaterspiel""**","True","dasei","Hans Dönitz","","Du erwägst schon länger in die Theaterpädagogik einzusteigen? Du suchst nach qualifizierter Ausbildung in diesem Bereich? Vielleicht bist du bereits fest entschlossen, bei DAS Ei zu starten? 
Dann melde dich an, zum unverbindlichen Online-Teaser!
Hier erfährst du alles über unsere Philosophie, kannst deine Fragen direkt im Gespräch klären und erhältst wichtige Infos zum nächsten Kursstart.","0.0","0.0","","","","","","DO 18:00-20:00 _online_","Session","Microsoft Teams","THU","2026-06-18","18:00","20:00","Online"
"4","D4","Drei Konzepte mit Jugendlichen und Fachkräften **Alles eine Frage der Anleitung?**","2026-06-20 09:00:00","2026-06-21 09:00:00","Drei Konzepte mit Jugendlichen und Fachkräften **Alles eine Frage der Anleitung?**","True","dasei","Hans Dönitz","Nbg: Tanzerei","Die Anforderungen an Theaterpädagog:innen in der Arbeit mit Jugendlichen sind so vielschichtig wie die Zielgruppe selber.
Im steten Wechselspiel von Widerstand und Flow, Genderfragen, Vertrauen und Abgrenzung erproben wir jeweils ein Animations-, Moderations- und Inszenierungs-Konzept. 
Abschließend fragen wir nach der Übertragbarkeit der gewonnenen Erkenntnisse auf das Spektrum der beruflichen Bildung.","24.0","0.0","Kaiserstr. 177, Nürnberg/Fürth  90763","Nbg: Tanzerei","Kaiserstr. 177","90763","Nürnberg/Fürth","FR 19.6 18:00-20:00 _online_
SA 09:00-18:00 FÜRTH
SO 09:00-15:00 FÜRTH
DI 23.6 18:00-20:00 _online_","Session","Microsoft Teams","FRI","2026-06-19","18:00","20:00","Online"
"","","","","","","","","","","","","","","","","","","","Session","","SAT","2026-06-20","09:00","18:00",""
"","","","","","","","","","","","","","","","","","","","Session","","SUN","2026-06-21","09:00","15:00",""
"","","","","","","","","","","","","","","","","","","","Session","Microsoft Teams","TUE","2026-06-23","18:00","20:00","Online"
"5","D4","Drei Konzepte mit Jugendlichen und Fachkräften **Alles eine Frage der Anleitung?**","2026-06-27 09:00:00","2026-06-28 09:00:00","Drei Konzepte mit Jugendlichen und Fachkräften **Alles eine Frage der Anleitung?**","True","dasei","Hans Dönitz","Mue: Kineo","Die Anforderungen an Theaterpädagog:innen in der Arbeit mit Jugendlichen sind so vielschichtig wie die Zielgruppe selber.
Im steten Wechselspiel von Widerstand und Flow, Genderfragen, Vertrauen und Abgrenzung erproben wir jeweils ein Animations-, Moderations- und Inszenierungs-Konzept. 
Abschließend fragen wir nach der Übertragbarkeit der gewonnenen Erkenntnisse auf das Spektrum der beruflichen Bildung.","24.0","0.0","Schwanthalerstraße 91, München  80336","Mue: Kineo","Schwanthalerstraße 91","80336","München","FR 19.6 18:00-20:00 _online_
DI 23.6 18:00-20:00 _online_
SA 28.6 09:00-18:00 Mü/Kineo
SO 28.6 09:00-15:00 Mü/Kineo","Session","Microsoft Teams","FRI","2026-06-19","18:00","20:00","Online"
"","","","","","","","","","","","","","","","","","","","Session","Microsoft Teams","TUE","2026-06-23","18:00","20:00","Online"
"","","","","","","","","","","","","","","","","","","","Session","","SAT","2026-06-28","09:00","18:00",""
"","","","","","","","","","","","","","","","","","","","Session","","SUN","2026-06-28","09:00","15:00",""
"24","A4","Präsentation einer Geschichte **Szenische Lesung**","2026-06-27 09:00:00","2026-06-27 09:00:00","Präsentation einer Geschichte **Szenische Lesung**","True","dasei","Cornelia Jung","Nbg: Tanzerei","Du erarbeitest dir spezifische Techniken, die es dir ermöglichen, unmittelbar in verschiedene Rollen zu schlüpfen. Für das teilnehmende Publikum bringst du auf diese Weise die Magie einer Geschichte zum Vorschein und interagierst als Animationsfigur. Die durch sie vermittelten Erlebnissen, können zum Auftakt eines Theaterstücks werden.","17.0","0.0","Kaiserstr. 177, Nürnberg/Fürth  90763","Nbg: Tanzerei","Kaiserstr. 177","90763","Nürnberg/Fürth","FR 18:00-20:00 online
SO 09:00-18:00
DI 18:00-21:00 online","Session","Microsoft Teams","FRI","2026-06-26","18:00","20:00",""
"","","","","","","","","","","","","","","","","","","","Session","","SUN","2026-06-28","09:00","18:00",""
"","","","","","","","","","","","","","","","","","","","Session","Microsoft Teams","TUE","2026-06-30","18:00","21:00",""
"29","A4","Präsentation einer Geschichte **Szenische Lesung**","2026-06-28 09:00:00","2026-06-28 09:00:00","Präsentation einer Geschichte **Szenische Lesung**","True","dasei","Cornelia Jung","Mue: Welt-Haus","Du erarbeitest dir spezifische Techniken, die es dir ermöglichen, unmittelbar in verschiedene Rollen zu schlüpfen. Für das teilnehmende Publikum bringst du auf diese Weise die Magie einer Geschichte zum Vorschein und interagierst als Animationsfigur. Die durch sie vermittelten Erlebnissen, können zum Auftakt eines Theaterstücks werden.","17.0","0.0","Schwanthalerstr. 80, München  80336","Mue: Welt-Haus","Schwanthalerstr. 80","80336","München","FR 18:00-20:00 online
SO 09:30-18:30
DI 18:00-21:00 online","Session","","SUN","2026-06-28","09:30","18:30",""
"","","","","","","","","","","","","","","","","","","","Session","Microsoft Teams","TUE","","18:00","21:00",""
"","","","","","","","","","","","","","","","","","","","Session","Microsoft Teams","FRI","","18:00","20:00",""
"17","BX","Begleitetes Praxisprojekt in der Grundschule **Basisprojekt „Freundschaft“**","2026-06-29 09:00:00","2026-06-30 09:00:00","Begleitetes Praxisprojekt in der Grundschule **Basisprojekt „Freundschaft“**","","dasei","Hans Dönitz","","Der Kurs schließt das Basisjahr mit einem gemeinsam durchgeführten Projekt in der Grundschule ab. Du arbeitest Solo oder im Duo nach einer der Methoden aus Modul A oder Modul B mit einer Gruppe von ca. 10 Kindern zu einem für sie zentralen Thema. Wir begleiten diesen Prozess in Vorbereitung und Durchführung.","37.0","0.0","","","","","","GROßRAUM MÜNCHEN
MO 7:45-17:00
DI 7:45-16:30","Session","","MON","2026-06-29","07:45","17:00",""
"","","","","","","","","","","","","","","","","","","","Session","","TUE","2026-06-30","07:45","16:30",""
"20","RA","Ursprünge der Performance Kunst **Die Künstlerische Aktion**","2026-07-03 09:00:00","2026-07-05 09:00:00","Ursprünge der Performance Kunst **Die Künstlerische Aktion**","","dasei","Rosalin Hertrich","Mue: Welt-Haus","Josef Beuys, Yoko Ono, Marina Abramovic…
In diesem Workshop werden Beispiele aus der Performance-Kunst-Geschichte vorgestellt.
Davon inspiriert entwickeln die Teilnehmenden eigene Performances.","24.0","0.0","Schwanthalerstr. 80, München  80336","Mue: Welt-Haus","Schwanthalerstr. 80","80336","München","FR 19:00-21:30
SA 09:00-18:00
SO 09:00-15:00","Session","","FRI","2026-07-03","19:00","21:30",""
"","","","","","","","","","","","","","","","","","","","Session","","SAT","2026-07-04","09:00","18:00",""
"","","","","","","","","","","","","","","","","","","","Session","","SUN","2026-07-05","09:00","15:00",""
"54","R0","Struktur und Schwerpunkte des Aufbau-Profils im Überblick **Info-Teaser ""Profil Performance und Interkult. Theater""**","2026-07-15 09:00:00","2026-07-15 09:00:00","Struktur und Schwerpunkte des Aufbau-Profils im Überblick **Info-Teaser ""Profil Performance und Interkult. Theater""**","True","dasei","Rosalin Hertrich","","Du erhältst an einem Online-Abend einen kompakten Überblick zum Profil 'Theatrales Lernen'.","3.0","0.0","","","","","","MI 19:30-21:30 _online_","Session","Microsoft Teams","WED","2026-07-15","19:30","21:30","Online"
"37","A0","Praxis, Theorie & Ausbildung bei DAS Ei **Basistag Theaterpädagogik**","2026-07-19 09:00:00","2026-07-19 09:00:00","Praxis, Theorie & Ausbildung bei DAS Ei **Basistag Theaterpädagogik**","True","dasei","Hans Dönitz","Mue: Kineo","Am Basistag erlebst Du die grundsätzlichen Zusammenhänge der Theaterpädagogik von DAS Ei konzentriert und ganz praktisch am eigenen Leib. Du erarbeitest Dir ausgehend von drei Zwischenreflexionen ein Grundverständnis der Module
- Einstiege in’s Theaterspiel (Modul A)
- Szenische Themenarbeit (Modul B)
- Pädagogische Regie (Modul C)","13.0","0.0","Schwanthalerstraße 91, München  80336","Mue: Kineo","Schwanthalerstraße 91","80336","München","FR 18:00-20:00 _online_
SO 09:30-18:30","Session","","SUN","2026-07-19","09:30","18:30",""
"","","","","","","","","","","","","","","","","","","","Session","Microsoft Teams","FRI","","18:00","20:00","Online"
"11","C3","Die Geschichte wird lebendig **Inszenierung über die Stimme**","2026-07-22 09:00:00","2026-07-26 09:00:00","Die Geschichte wird lebendig **Inszenierung über die Stimme**","","dasei","Esther Sambale","","In einer kreativen Phase experimentieren die Teilnehmenden mit Stimme, Klang und Bedeutung. Sie stellen biographische Bezüge her und können nun ihre Rolle sprachlich gestalten.","52.0","0.0","","","","","","MI 16:00-21:00 _KOFFERFABRIK_
DO 15:00-21:00*
FR 14:00-20:00*
SA 09:00-18:00
SO 09:00-18:00
DI nach Aufführg. 18:00-20:00 online: Reflexion","Session","","WED","2026-07-22","16:00","21:00",""
"","","","","","","","","","","","","","","","","","","","Session","","THU","2026-07-23","15:00","21:00",""
"","","","","","","","","","","","","","","","","","","","Session","","FRI","2026-07-24","14:00","20:00",""
"","","","","","","","","","","","","","","","","","","","Session","","SAT","2026-07-25","09:00","18:00",""
"","","","","","","","","","","","","","","","","","","","Session","","SUN","2026-07-26","09:00","18:00",""
"60","AA","Kurseinstieg **Online-Teaser ""Einstiege ins Theaterspiel""**","2026-07-23 09:00:00","2026-07-23 09:00:00","Kurseinstieg **Online-Teaser ""Einstiege ins Theaterspiel""**","True","dasei","Hans Dönitz","","Du erwägst schon länger in die Theaterpädagogik einzusteigen? Du suchst nach qualifizierter Ausbildung in diesem Bereich? Vielleicht bist du bereits fest entschlossen, bei DAS Ei zu starten? 
Dann melde dich an, zum unverbindlichen Online-Teaser!
Hier erfährst du alles über unsere Philosophie, kannst deine Fragen direkt im Gespräch klären und erhältst wichtige Infos zum nächsten Kursstart.","0.0","0.0","","","","","","DO 18:00-20:00 _online_","Session","Microsoft Teams","THU","2026-07-23","18:00","20:00","Online"
"47","A5","Stückentwicklung basierend auf Mitspieltheater **Figurenkarussell**","2026-07-25 09:00:00","2026-07-25 09:00:00","Stückentwicklung basierend auf Mitspieltheater **Figurenkarussell**","True","dasei","Cornelia Jung","Nbg: Tanzerei","Mithilfe des Figurenkarussells animierst du das teilnehmende Publikum aktiv in das Bühnengeschehen einzusteigen. Mühelos und ohne Umschweife gelingt es so, Zuschauende zu Mitspielenden zu machen. Wurde eine Rolle von einem oder mehreren Teilnehmenden übernommen, dreht sich das Figurenkarussell zur nächsten Figur.","17.0","0.0","Kaiserstr. 177, Nürnberg/Fürth  90763","Nbg: Tanzerei","Kaiserstr. 177","90763","Nürnberg/Fürth","FR 18:00-20:00 online
SO 09:00-18:00
DI 18:00-21:00 online","Session","Microsoft Teams","FRI","2026-07-24","18:00","20:00",""
"","","","","","","","","","","","","","","","","","","","Session","","SUN","2026-07-26","09:00","18:00",""
"","","","","","","","","","","","","","","","","","","","Session","Microsoft Teams","TUE","2026-07-28","18:00","21:00",""
"30","A5","Stückentwicklung basierend auf Mitspieltheater **Figurenkarussell**","2026-07-26 09:00:00","2026-07-26 09:00:00","Stückentwicklung basierend auf Mitspieltheater **Figurenkarussell**","True","dasei","Cornelia Jung","Mue: Kineo","Mithilfe des Figurenkarussells animierst du das teilnehmende Publikum aktiv in das Bühnengeschehen einzusteigen. Mühelos und ohne Umschweife gelingt es so, Zuschauende zu Mitspielenden zu machen. Wurde eine Rolle von einem oder mehreren Teilnehmenden übernommen, dreht sich das Figurenkarussell zur nächsten Figur.","17.0","0.0","Schwanthalerstraße 91, München  80336","Mue: Kineo","Schwanthalerstraße 91","80336","München","FR 18:00-20:00 online
SO 09:30-18:30
DI 18:00-21:00 online","Session","Microsoft Teams","FRI","2026-07-24","18:00","20:00",""
"","","","","","","","","","","","","","","","","","","","Session","","SUN","2026-07-26","09:30","18:30",""
"","","","","","","","","","","","","","","","","","","","Session","Microsoft Teams","TUE","2026-07-28","18:00","21:00",""
"61","AA","Kurseinstieg **Online-Teaser ""Einstiege ins Theaterspiel""**","2026-08-27 09:00:00","2026-08-27 09:00:00","Kurseinstieg **Online-Teaser ""Einstiege ins Theaterspiel""**","True","dasei","Hans Dönitz","","Du erwägst schon länger in die Theaterpädagogik einzusteigen? Du suchst nach qualifizierter Ausbildung in diesem Bereich? Vielleicht bist du bereits fest entschlossen, bei DAS Ei zu starten? 
Dann melde dich an, zum unverbindlichen Online-Teaser!
Hier erfährst du alles über unsere Philosophie, kannst deine Fragen direkt im Gespräch klären und erhältst wichtige Infos zum nächsten Kursstart.","0.0","0.0","","","","","","DO 18:00-20:00 _online_","Session","Microsoft Teams","THU","2026-08-27","18:00","20:00","Online"
"32","A0","Praxis, Theorie & Ausbildung bei DAS Ei **Basistag Theaterpädagogik**","2026-09-12 09:00:00","2026-09-12 09:00:00","Praxis, Theorie & Ausbildung bei DAS Ei **Basistag Theaterpädagogik**","True","dasei","Kathrin Jung","Nbg: Tanzerei","Am Basistag erlebst Du die grundsätzlichen Zusammenhänge der Theaterpädagogik von DAS Ei konzentriert und ganz praktisch am eigenen Leib. Du erarbeitest Dir ausgehend von drei Zwischenreflexionen ein Grundverständnis der Module
- Einstiege in’s Theaterspiel (Modul A)
- Szenische Themenarbeit (Modul B)
- Pädagogische Regie (Modul C)","13.0","0.0","Kaiserstr. 177, Nürnberg/Fürth  90763","Nbg: Tanzerei","Kaiserstr. 177","90763","Nürnberg/Fürth","FR 18:00-20:00 _online_
SA 09:00-18:00","Session","Microsoft Teams","FRI","2026-09-11","18:00","20:00","Online"
"","","","","","","","","","","","","","","","","","","","Session","","SAT","2026-09-12","09:00","18:00",""
"15","C5","szenisches Material zu 2-3 Themen generieren **Kreativer Prozess in der Stückentwicklung**","2026-09-18 09:00:00","2026-09-20 09:00:00","szenisches Material zu 2-3 Themen generieren **Kreativer Prozess in der Stückentwicklung**","","dasei","Eleanora Allerdings","Nbg: Tanzerei","Angelehnt an den RSVP Zyklus von Anna und Leonhard Halprin lernt die Gruppe ein Verfahren zur kreativen Produktion szenischen Materials kennen. Das Format „szenische Collage“  wird in seinen Grundelementen vorgestellt.","24.0","0.0","Kaiserstr. 177, Nürnberg/Fürth  90763","Nbg: Tanzerei","Kaiserstr. 177","90763","Nürnberg/Fürth","FR 19:00-21:30
SA 09:00-18:00
SO 09:00-15:00","Session","","FRI","2026-09-18","19:00","21:30",""
"","","","","","","","","","","","","","","","","","","","Session","","SAT","2026-09-19","09:00","18:00",""
"","","","","","","","","","","","","","","","","","","","Session","","SUN","2026-09-20","09:00","15:00",""
"28","A4","Präsentation einer Geschichte **Szenische Lesung**","2026-09-24 09:00:00","2026-09-27 09:00:00","Präsentation einer Geschichte **Szenische Lesung**","","dasei","Kathrin Jung","Burgstallmühle","Du erarbeitest dir spezifische Techniken, die es dir ermöglichen, unmittelbar in verschiedene Rollen zu schlüpfen. Für das teilnehmende Publikum bringst du auf diese Weise die Magie einer Geschichte zum Vorschein und interagierst als Animationsfigur. Die durch sie vermittelten Erlebnissen, können zum Auftakt eines Theaterstücks werden.","17.0","0.0","Burgstallmühle 1, Voggendorf (bei Bechhofen), Burgstallmühle / Voggendorf  91572","Burgstallmühle","Burgstallmühle 1, Voggendorf (bei Bechhofen)","91572","Burgstallmühle / Voggendorf","DO 19:00-21:00
FR 09:00-18:00
SA 09:00-18:00
SO 09:00-15:00
Di. 18:00-21:00 ONLINE","Session","","THU","2026-09-24","19:00","21:00",""
"","","","","","","","","","","","","","","","","","","","Session","","FRI","2026-09-25","09:00","18:00",""
"","","","","","","","","","","","","","","","","","","","Session","","SAT","2026-09-26","09:00","18:00",""
"","","","","","","","","","","","","","","","","","","","Session","","SUN","2026-09-27","09:00","15:00",""
"62","AA","Kurseinstieg **Online-Teaser ""Einstiege ins Theaterspiel""**","2026-09-24 09:00:00","2026-09-24 09:00:00","Kurseinstieg **Online-Teaser ""Einstiege ins Theaterspiel""**","True","dasei","Hans Dönitz","","Du erwägst schon länger in die Theaterpädagogik einzusteigen? Du suchst nach qualifizierter Ausbildung in diesem Bereich? Vielleicht bist du bereits fest entschlossen, bei DAS Ei zu starten? 
Dann melde dich an, zum unverbindlichen Online-Teaser!
Hier erfährst du alles über unsere Philosophie, kannst deine Fragen direkt im Gespräch klären und erhältst wichtige Infos zum nächsten Kursstart.","0.0","0.0","","","","","","DO 18:00-20:00 _online_","Session","Microsoft Teams","THU","2026-09-24","18:00","20:00","Online"
"1","E1","Das Format Seminarwoche **Dicht an der Grenze**","2026-10-01 09:00:00","2026-10-05 09:00:00","Das Format Seminarwoche **Dicht an der Grenze**","","dasei","Hans Dönitz","Burgstallmühle","Die praktische Seminarwoche, mit welcher die Aufbaustufe startet, sehen wir als Urform der szenischen Themenarbeit. Themen- und Gruppenprozess werden in voller Entfaltung, ohne Unterbrechungen
durchlaufen. Anschließend visualisieren und reflektieren wir Schritt für Schritt den durchlaufenen Prozess und schaffen Platz für einen intensiven Diskurs zu Fragen der praktischen Anleitung, der Wirkungsweise
einzelner Verfahren und der theoretischen Verortung.
Hierbei spielen Werkzeuge aus der TZI eine wichtige Rolle, ebenso die Tiefendimensionen des Lernens, die Lernprozesse und Phänomene wie Selbsterfahrung greifbar machen.","58.0","0.0","Burgstallmühle 1, Voggendorf (bei Bechhofen), Burgstallmühle / Voggendorf  91572","Burgstallmühle","Burgstallmühle 1, Voggendorf (bei Bechhofen)","91572","Burgstallmühle / Voggendorf","DO: 09:00-18:30
FR: 09:00–18:30
SA: 09:00-18:30
SO: 09:00-15:00
MO: 09:00-16:00
Anreise: MI abend","Info","","WED","2026-09-30","","",""
"","","","","","","","","","","","","","","","","","","","Session","","THU","2026-10-01","09:00","18:30",""
"","","","","","","","","","","","","","","","","","","","Session","","FRI","2026-10-02","09:00","18:30",""
"","","","","","","","","","","","","","","","","","","","Session","","SAT","2026-10-03","09:00","18:30",""
"","","","","","","","","","","","","","","","","","","","Session","","SUN","2026-10-04","09:00","15:00",""
"","","","","","","","","","","","","","","","","","","","Session","","MON","2026-10-05","09:00","16:00",""
"40","A1","Einführung in die Kreisanimation **Am Anfang war der Kreis**","2026-10-11 09:00:00","2026-10-11 09:00:00","Einführung in die Kreisanimation **Am Anfang war der Kreis**","True","dasei","Hans Dönitz","Mue: Kineo","Den Einstieg in die elementare Animation bilden die Kreisspiele. Hier kommen Grundregeln und -phänomene von interaktivem Spiel sehr deutlich zum Vorschein. Zunächst beschäftigen wir uns mit den einfachen und offensichtlichen Impulsen entlang der Kreisbahn und quer durch die Kreismitte und lernen dann, zahlreiche Grundanforderungen des Theaterspiels im Kreisspiel zu trainieren.","17.0","0.0","Schwanthalerstraße 91, München  80336","Mue: Kineo","Schwanthalerstraße 91","80336","München","FR 18:00-20:00 online
SO 09:30-18:30
DI 18:00-21:00 online","Session","","SUN","2026-10-11","09:30","18:30",""
"","","","","","","","","","","","","","","","","","","","Session","Microsoft Teams","FRI","","18:00","20:00",""
"","","","","","","","","","","","","","","","","","","","Session","Microsoft Teams","TUE","","18:00","21:00",""
"39","AZ","1. Orientierungsgespräch mit Institutsleitung DAS Ei **Orientierungsgespräch/Beratung**","2026-10-15 09:00:00","2026-11-10 09:00:00","1. Orientierungsgespräch mit Institutsleitung DAS Ei **Orientierungsgespräch/Beratung**","","dasei","Hans Dönitz","","1. Orientierungsgespräch/Beratung
persönlicher Seminarplan Grundlagenbildung (Optionen / Fortbildung 5 Wochenenden / Vollanmeldung)","0.0","0.0","","","","","","_individuell_ | individueller (Telefon-) Termin","Session","","THU","2026-10-15","09:00","09:00",""
"63","AA","Kurseinstieg **Online-Teaser ""Einstiege ins Theaterspiel""**","2026-10-22 09:00:00","2026-10-22 09:00:00","Kurseinstieg **Online-Teaser ""Einstiege ins Theaterspiel""**","True","dasei","Hans Dönitz","","Du erwägst schon länger in die Theaterpädagogik einzusteigen? Du suchst nach qualifizierter Ausbildung in diesem Bereich? Vielleicht bist du bereits fest entschlossen, bei DAS Ei zu starten? 
Dann melde dich an, zum unverbindlichen Online-Teaser!
Hier erfährst du alles über unsere Philosophie, kannst deine Fragen direkt im Gespräch klären und erhältst wichtige Infos zum nächsten Kursstart.","0.0","0.0","","","","","","DO 18:00-20:00 _online_","Session","Microsoft Teams","THU","2026-10-22","18:00","20:00","Online"
"12","C6","Erforschung und Entscheidung des Themas der Collage **Szenisches Material generieren im Zyklusmodell - 1**","2026-10-23 09:00:00","2026-10-25 08:00:00","Erforschung und Entscheidung des Themas der Collage **Szenisches Material generieren im Zyklusmodell - 1**","","dasei","Eleanora Allerdings","Mue: Welt-Haus","Ausgehend vom Zyklusmodell (s.C5) erarbeitest du szenisches Material mit den Schwerpunkten Bewegung - Körper und Raum, unter anderem legen wir eine Choreografie an. Du erlebst dich als Spieler:in, die aktiv ihre Ideen zu inhaltlichen und gestalterischen Aspekten einbringen kann.","24.0","0.0","Schwanthalerstr. 80, München  80336","Mue: Welt-Haus","Schwanthalerstr. 80","80336","München","FR 19:00-21:30
SA 09:00-18:00
SO 09:00-15:00","Session","","FRI","2026-10-23","19:00","21:30",""
"","","","","","","","","","","","","","","","","","","","Session","","SAT","2026-10-24","09:00","18:00",""
"","","","","","","","","","","","","","","","","","","","Session","","SUN","2026-10-25","09:00","15:00",""
"26","A2","Arbeiten mit dem Zwei-Kreise-Modell **Die Bühne kommt von selbst**","2026-10-24 09:00:00","2026-10-24 09:00:00","Arbeiten mit dem Zwei-Kreise-Modell **Die Bühne kommt von selbst**","True","dasei","Hans Dönitz","Nbg: Tanzerei","Wenn Du gelernt hast, die Interaktion der Gruppe im Kreis freizusetzen, entstehen fast von selbst 'Bühnenmomente'. Mit dem Zwei-Kreise-Modell lernst Du diese Momente gezielt zu gestalten und verbindest das Theaterpotential einfacher Animationen zu einem bühnenreifen Setting. Der Kreis öffnet sich zum Halbkreis und gibt in der Mitte eine Spielfläche frei.","17.0","0.0","Kaiserstr. 177, Nürnberg/Fürth  90763","Nbg: Tanzerei","Kaiserstr. 177","90763","Nürnberg/Fürth","FR 18:00-20:00 online
SO 09:00-18:00
DI 18:00-21:00 online","Session","Microsoft Teams","FRI","2026-10-23","18:00","20:00",""
"","","","","","","","","","","","","","","","","","","","Session","","SUN","2026-10-25","09:00","18:00",""
"","","","","","","","","","","","","","","","","","","","Session","Microsoft Teams","TUE","2026-10-27","18:00","21:00",""
"36","A2","Arbeiten mit dem Zwei-Kreise-Modell **Die Bühne kommt von selbst**","2026-10-25 08:00:00","2026-10-25 08:00:00","Arbeiten mit dem Zwei-Kreise-Modell **Die Bühne kommt von selbst**","True","dasei","Hans Dönitz","Mue: Kineo","Wenn Du gelernt hast, die Interaktion der Gruppe im Kreis freizusetzen, entstehen fast von selbst 'Bühnenmomente'. Mit dem Zwei-Kreise-Modell lernst Du diese Momente gezielt zu gestalten und verbindest das Theaterpotential einfacher Animationen zu einem bühnenreifen Setting. Der Kreis öffnet sich zum Halbkreis und gibt in der Mitte eine Spielfläche frei.","17.0","0.0","Schwanthalerstraße 91, München  80336","Mue: Kineo","Schwanthalerstraße 91","80336","München","FR 18:00-20:00 online
SO 09:30-18:30
DI 18:00-21:00 online","Session","","SUN","2026-10-25","09:30","18:30",""
"","","","","","","","","","","","","","","","","","","","Session","Microsoft Teams","FRI","","18:00","20:00",""
"","","","","","","","","","","","","","","","","","","","Session","Microsoft Teams","TUE","","18:00","21:00",""
"25","A0","Praxis, Theorie & Ausbildung bei DAS Ei **Basistag Theaterpädagogik**","2026-10-31 08:00:00","2026-10-31 08:00:00","Praxis, Theorie & Ausbildung bei DAS Ei **Basistag Theaterpädagogik**","True","dasei","Cornelia Jung","Mue: Kineo","Am Basistag erlebst Du die grundsätzlichen Zusammenhänge der Theaterpädagogik von DAS Ei konzentriert und ganz praktisch am eigenen Leib. Du erarbeitest Dir ausgehend von drei Zwischenreflexionen ein Grundverständnis der Module
- Einstiege in’s Theaterspiel (Modul A)
- Szenische Themenarbeit (Modul B)
- Pädagogische Regie (Modul C)","13.0","0.0","Schwanthalerstraße 91, München  80336","Mue: Kineo","Schwanthalerstraße 91","80336","München","FR 18:00-20:00 _online_
SA 09:30-18:30","Session","Microsoft Teams","FRI","2026-10-30","18:00","20:00","Online"
"","","","","","","","","","","","","","","","","","","","Session","","SAT","2026-10-31","09:30","18:30",""
"45","X1","digitale Vernetzung Theaterpädagogik Bayern **Theaterpedia-Konferenz**","2026-11-13 09:00:00","2026-11-15 09:00:00","digitale Vernetzung Theaterpädagogik Bayern **Theaterpedia-Konferenz**","","dasei","Hans Dönitz","Mue: Viva la Danza","Eine Open-Space-Konferenz:
- Jahrestreffen der Internet-Plattform ‚theaterpedia.org‘ zur Regional-Vernetzung Theaterpädagogik in Bayern
- Gründung von Themengruppen zu theaterpedia
- Hackathon (Du startest Deine Website)
ausgerichtet von
Theaterpedia e.V. (unterstützt von: DAS Ei - Theaterpädagogisches Institut Bayern e.V.)","0.0","0.0","Verdi-Str. 83, München","Mue: Viva la Danza","Verdi-Str. 83","","München","FR 14:00-21:30
SA 09:00-18:00
SO 09:00-15:00
CVJM-Hotel","Session","","FRI","2026-11-13","14:00","21:30",""
"","","","","","","","","","","","","","","","","","","","Session","","SAT","2026-11-14","09:00","18:00",""
"","","","","","","","","","","","","","","","","","","","Session","","SUN","2026-11-15","09:00","15:00",""
"64","AA","Kurseinstieg **Online-Teaser ""Einstiege ins Theaterspiel""**","2026-11-19 09:00:00","2026-11-19 09:00:00","Kurseinstieg **Online-Teaser ""Einstiege ins Theaterspiel""**","True","dasei","Hans Dönitz","","Du erwägst schon länger in die Theaterpädagogik einzusteigen? Du suchst nach qualifizierter Ausbildung in diesem Bereich? Vielleicht bist du bereits fest entschlossen, bei DAS Ei zu starten? 
Dann melde dich an, zum unverbindlichen Online-Teaser!
Hier erfährst du alles über unsere Philosophie, kannst deine Fragen direkt im Gespräch klären und erhältst wichtige Infos zum nächsten Kursstart.","0.0","0.0","","","","","","DO 18:00-20:00 _online_","Session","Microsoft Teams","THU","2026-11-19","18:00","20:00","Online"
"18","C7","Schwerpunkte Text, Stimme, Audio **Szenisches Material generieren im Zyklusmodell - 2**","2026-11-26 09:00:00","2026-11-29 09:00:00","Schwerpunkte Text, Stimme, Audio **Szenisches Material generieren im Zyklusmodell - 2**","","dasei","Eleanora Allerdings","Mue: Welt-Haus","Wir arbeiten mit der Generierung von Text sowie experimentellen Umgangsweisen mit Text und Stimme (z.B. chorische Elemente) und dem Einsatz verschiedener akustischer Mittel. Zunehmend fokussieren wir auf dramaturgische Gesichtspunkte der entstehenden Inszenierung.","32.0","0.0","Schwanthalerstr. 80, München  80336","Mue: Welt-Haus","Schwanthalerstr. 80","80336","München","","Session","","THU","2026-11-26","09:00","18:00",""
"","","","","","","","","","","","","","","","","","","","Session","","FRI","2026-11-27","09:00","18:00",""
"","","","","","","","","","","","","","","","","","","","Session","","SAT","2026-11-28","09:00","18:00",""
"","","","","","","","","","","","","","","","","","","","Session","","SUN","2026-11-29","09:00","18:00",""
"31","A3","Einführung in Raumlauf-Animation und Didaktik des Improvisationstrainings **Wege entstehen beim Gehen**","2026-11-28 09:00:00","2026-11-29 09:00:00","Einführung in Raumlauf-Animation und Didaktik des Improvisationstrainings **Wege entstehen beim Gehen**","True","dasei","Hans Dönitz","Mue: Kineo","Nichts kann das Ganz-Auf-Sicht-Gestellt-Sein der Bühnensituation besser vorwegnehmen, als ein einfacher 'Raumlauf' - Jene Übung, in der sich Teilnehmer mit einem konkreten 'Geh-Auftrag' kreuz und quer durch den Raum bewegen. Ein gründliches Verstehen des Geschehens ist nicht nur hilfreich, um den Raumlauf ordentlich anleiten zu können, sondern eröffnet immer neue Einblicke auf das Agieren im Bühnenraum.","22.0","0.0","Schwanthalerstraße 91, München  80336","Mue: Kineo","Schwanthalerstraße 91","80336","München","FR 18:00-20:00 online
SA 09:15-18:15
SO 09:00-15:00
DI 18:00-21:00 online","Session","","SAT","2026-11-28","09:15","18:15",""
"","","","","","","","","","","","","","","","","","","","Session","","SUN","2026-11-29","09:00","15:00",""
"","","","","","","","","","","","","","","","","","","","Session","Microsoft Teams","TUE","","18:00","21:00",""
"","","","","","","","","","","","","","","","","","","","Session","Microsoft Teams","FRI","","18:00","20:00",""
"22","A3","Einführung in Raumlauf-Animation und Didaktik des Improvisationstrainings **Wege entstehen beim Gehen**","2026-12-05 09:00:00","2026-12-06 09:00:00","Einführung in Raumlauf-Animation und Didaktik des Improvisationstrainings **Wege entstehen beim Gehen**","True","dasei","Hans Dönitz","Nbg: Tanzerei","Nichts kann das Ganz-Auf-Sicht-Gestellt-Sein der Bühnensituation besser vorwegnehmen, als ein einfacher 'Raumlauf' - Jene Übung, in der sich Teilnehmer mit einem konkreten 'Geh-Auftrag' kreuz und quer durch den Raum bewegen. Ein gründliches Verstehen des Geschehens ist nicht nur hilfreich, um den Raumlauf ordentlich anleiten zu können, sondern eröffnet immer neue Einblicke auf das Agieren im Bühnenraum.","22.0","0.0","Kaiserstr. 177, Nürnberg/Fürth  90763","Nbg: Tanzerei","Kaiserstr. 177","90763","Nürnberg/Fürth","FR 18:00-20:00 _online_
SA 09:30-18:30
SO 09:00-15:00
DI 8.12 18:00-21:00 _online_","Session","","SAT","2026-12-05","09:30","18:30",""
"","","","","","","","","","","","","","","","","","","","Session","","SUN","2026-12-06","09:00","15:00",""
"","","","","","","","","","","","","","","","","","","","Session","Microsoft Teams","TUE","2026-12-08","18:00","21:00","Online"
"","","","","","","","","","","","","","","","","","","","Session","Microsoft Teams","FRI","","18:00","20:00","Online"
"52","LR","Methodenworkshop zur Rollenerarbeitung **eine Rolle - viele Gesichter**","2026-12-11 09:00:00","2026-12-13 09:00:00","Methodenworkshop zur Rollenerarbeitung **eine Rolle - viele Gesichter**","","dasei","Cornelia Jung","","Der Workshop unternimmt den Versuch, sich vermeintlich sperriger (Schul-)Lektüre inszenatorisch zu nähern. Die Erprobung unterschiedlicher Techniken der Rolleneinfühlung sowie postdramatische Zugänge zur Rolle zu schaffen, sind Kernziele des Workshops. Wie finde ich das Grundthema einer Figur? Wie kann ich ihre Eigenschaften, ihre Emotionen, Macken herausarbeiten und im nächsten Schritt abstrakt, choreographisch oder szenographisch bearbeiten?","24.0","0.0","","","","","","FR 19:00-21:30
SA 09:00-18:00
SO 09:00-15:00","Session","","FRI","2026-12-11","19:00","21:30",""
"","","","","","","","","","","","","","","","","","","","Session","","SAT","2026-12-12","09:00","18:00",""
"","","","","","","","","","","","","","","","","","","","Session","","SUN","2026-12-13","09:00","15:00",""
"69","E2","Workshop- und Kursformat **Offene Themen - offene Gruppen?**","2027-01-06 09:00:00","2027-01-10 09:00:00","Workshop- und Kursformat **Offene Themen - offene Gruppen?**","","dasei","Hans Dönitz","Nbg: Tanzerei","Im zweiten Block startet die Gruppe mit didaktischen Übungen zur Kurs- und Workshopkonzeption. Anschließend bearbeiten die Ausbildungsteilnehmenden zwei der wichtigsten Kurzformen der szenischen Themenarbeit. Während der eintägige Workshop oft eine thematische Initiierung leistet, wird der fortlaufende Kurs oft z.B. arbeitsbegleitend zur fortdauernden Etablierung eines Reflexionsrahmens eingesetzt.","48.0","0.0","Kaiserstr. 177, Nürnberg/Fürth  90763","Nbg: Tanzerei","Kaiserstr. 177","90763","Nürnberg/Fürth","MI: 14:00-20:00
DO: 09:00-18:30
FR: 09:00–18:30
SA: 09:00-18:30
SO: 09:00-15:00","Session","","WED","2027-01-06","14:00","20:00",""
"","","","","","","","","","","","","","","","","","","","Session","","THU","2027-01-07","09:00","18:30",""
"","","","","","","","","","","","","","","","","","","","Session","","FRI","2027-01-08","09:00","18:30",""
"","","","","","","","","","","","","","","","","","","","Session","","SAT","2027-01-09","09:00","18:30",""
"","","","","","","","","","","","","","","","","","","","Session","","SUN","2027-01-10","09:00","15:00",""
"65","AA","Kurseinstieg **Online-Teaser ""Einstiege ins Theaterspiel""**","2027-01-07 09:00:00","2027-01-07 09:00:00","Kurseinstieg **Online-Teaser ""Einstiege ins Theaterspiel""**","True","dasei","Hans Dönitz","","Du erwägst schon länger in die Theaterpädagogik einzusteigen? Du suchst nach qualifizierter Ausbildung in diesem Bereich? Vielleicht bist du bereits fest entschlossen, bei DAS Ei zu starten? 
Dann melde dich an, zum unverbindlichen Online-Teaser!
Hier erfährst du alles über unsere Philosophie, kannst deine Fragen direkt im Gespräch klären und erhältst wichtige Infos zum nächsten Kursstart.","0.0","0.0","","","","","","DO 18:00-20:00 _online_","Session","Microsoft Teams","THU","2027-01-07","18:00","20:00","Online"
"70","B7","Eine Bühne voll Erfahrung **Forumtheater**","2027-01-23 09:00:00","2027-01-24 09:00:00","Eine Bühne voll Erfahrung **Forumtheater**","True","dasei","Christine Oppel","Nbg: Tanzerei","Die Methode des Forumtheaters nach Augusto Boal lässt Theaterpädagog*innen zu Jokern werden und das Publikum zu ZuSchauspielenden. Eine soziale Situation der Unterdrückung wird sichtbar und nachfühlbar auf die Bühne gestellt. Vom Rollenspiel zum Schauspiel. Diese Wiederholbarkeit der zugespitzten Konfliktsituation ermöglicht das Ausprobieren vielerlei Lösungswege.","24.0","0.0","Kaiserstr. 177, Nürnberg/Fürth  90763","Nbg: Tanzerei","Kaiserstr. 177","90763","Nürnberg/Fürth","FR 18:00-20:00 online
SA 09:15-18:15
SO 09:00-15:00
DI 18:00-21:00 online","Session","","SAT","2027-01-23","09:15","18:15",""
"","","","","","","","","","","","","","","","","","","","Session","","SUN","2027-01-24","09:00","15:00",""
"","","","","","","","","","","","","","","","","","","","Session","Microsoft Teams","TUE","","18:00","21:00",""
"","","","","","","","","","","","","","","","","","","","Session","Microsoft Teams","FRI","","18:00","20:00",""
"71","B8","Bilder werden lebendig **Bewegte Themenarbeit**","2027-01-23 09:00:00","2027-01-24 09:00:00","Bilder werden lebendig **Bewegte Themenarbeit**","True","dasei","Rosalin Hertrich","Mue: Kineo","","24.0","0.0","Schwanthalerstraße 91, München  80336","Mue: Kineo","Schwanthalerstraße 91","80336","München","FR 18:00-20:00 online
SA 09:15-18:15
SO 09:00-15:00
DI 18:00-21:00 online","Session","","SAT","2027-01-23","09:15","18:15",""
"","","","","","","","","","","","","","","","","","","","Session","","SUN","2027-01-24","09:00","15:00",""
"","","","","","","","","","","","","","","","","","","","Session","Microsoft Teams","TUE","","18:00","21:00",""
"","","","","","","","","","","","","","","","","","","","Session","Microsoft Teams","FRI","","18:00","20:00",""
"89","T1","Theoretische Grundlagen **Profilkolloquium 1**","2027-02-19 09:00:00","2027-02-21 09:00:00","Theoretische Grundlagen **Profilkolloquium 1**","","dasei","Cornelia Jung","Nbg: Tanzerei","Anhand ausgewählter Literatur diskutieren wir Grundbegriffe des Theatralen Lernens und setzen uns zudem mit unterschiedlichen Perspektiven auf Theater mit Kindern und Jugendlichen auseinander.","21.0","0.0","Kaiserstr. 177, Nürnberg/Fürth  90763","Nbg: Tanzerei","Kaiserstr. 177","90763","Nürnberg/Fürth","FR 19:00-21:30
SA 09:00-18:00
SO 09:00-15:00","Session","","FRI","2027-02-19","19:00","21:30",""
"","","","","","","","","","","","","","","","","","","","Session","","SAT","2027-02-20","09:00","18:00",""
"","","","","","","","","","","","","","","","","","","","Session","","SUN","2027-02-21","09:00","15:00",""
"80","R1","Theoretische Grundlagen **Profilkolloquium 1**","2027-02-19 09:00:00","2027-02-21 09:00:00","Theoretische Grundlagen **Profilkolloquium 1**","","dasei","Rosalin Hertrich","Mue: Stachus","Erste Theorieimpulse verorten die Theaterpraxis in Diskursen rund um Gender-, Identitäts- und Machtfragen. Auch das Verhältnis von Kunst und Alltag in der Theaterpädagogik ist zentral für die reflexive Auseinandersetzung in diesem Lektüreseminar.","21.0","0.0","München","Mue: Stachus","","","München","FR 19:00-21:30
SA 09:00-18:00
SO 09:00-15:00","Session","","FRI","2027-02-19","19:00","21:30",""
"","","","","","","","","","","","","","","","","","","","Session","","SAT","2027-02-20","09:00","18:00",""
"","","","","","","","","","","","","","","","","","","","Session","","SUN","2027-02-21","09:00","15:00",""
"82","R2","Coaching im Monatsturnus **Online Profiltreffen**","2027-02-22 09:00:00","2027-10-31 08:00:00","Coaching im Monatsturnus **Online Profiltreffen**","","dasei","Rosalin Hertrich","","Einmal im Monat findet online der Jour Fixe statt. Die Teilnehmenden des Profils treffen sich begleitend zu den Seminaren. Hier klären wir organisatorische Fragen, geben Inputs zu theoretischen Rahmungen und es ist Zeit für offenen Austausch & Lektüretreffen. Zentral stehen aber auch Beratungsprozesse zu Themen wie Anleitungsprüfung, Praxisprojekte und Abschlussarbeit…","0.0","0.0","","","","","","einmal monatlich jeweils DO 19:00-21:00","Session","","THU","2027-02-25","19:00","21:00",""
"87","T2","Coaching-Turnus **Online Profiltreffen**","2027-02-22 09:00:00","2027-10-30 09:00:00","Coaching-Turnus **Online Profiltreffen**","","dasei","Cornelia Jung","","Alle zwei Monate findet online der Jour Fixe statt. Die Teilnehmenden des Profils treffen sich begleitend zu den Seminaren. Hier klären wir organisatorische Fragen, geben Inputs zu theoretischen Rahmungen und es ist Zeit für offenen Austausch & Lektüretreffen. Zentral stehen aber auch Beratungsprozesse zu Themen wie Anleitungsprüfung, Praxisprojekte und Abschlussarbeit…","12.0","0.0","","","","","","_info_ alle 6 Wochen jeweils Dienstag 18:00-19:30","Info","","","2027-02-22","","",""
"27","B2","Szenische Themenarbeit mit kreativen Bildern **Klischees, Situationen & Skulpturen**","2027-02-25 09:00:00","2027-02-28 09:00:00","Szenische Themenarbeit mit kreativen Bildern **Klischees, Situationen & Skulpturen**","","dasei","Hans Dönitz","Burgstallmühle","Wir lernen, Einstiege und Ausstiege mit spielerischen Standbildern zu gestalten, innere Haltungen, Veränderungen und Ergebnisse sichtbar zu machen.","24.0","0.0","Burgstallmühle 1, Voggendorf (bei Bechhofen), Burgstallmühle / Voggendorf  91572","Burgstallmühle","Burgstallmühle 1, Voggendorf (bei Bechhofen)","91572","Burgstallmühle / Voggendorf","DO 19:00-21:00
FR 09:00-18:00
SA 09:00-18:00
SO 09:00-15:00
Di. 18:00-21:00 ONLINE","Session","","THU","2027-02-25","19:00","21:00",""
"","","","","","","","","","","","","","","","","","","","Session","","FRI","2027-02-26","09:00","18:00",""
"","","","","","","","","","","","","","","","","","","","Session","","SAT","2027-02-27","09:00","18:00",""
"","","","","","","","","","","","","","","","","","","","Session","","SUN","2027-02-28","09:00","15:00",""
"13","D2","Repetitorium zu den Modulen A-C **Das Theaterpädagogische Dreieck**","2027-04-08 09:00:00","2027-04-11 09:00:00","Repetitorium zu den Modulen A-C **Das Theaterpädagogische Dreieck**","","dasei","Hans Dönitz","Burgstallmühle","Du hast in den Module A, B und C drei in sich stimmige Teilbereiche der Theaterpädagogik kennengelernt. Im Repetitorium führen wir uns diese zunächst noch einmal vor Augen und entdecken dann das ‚Theaterpädagogische Dreieck‘ - die Zusammenhänge und Unterschiede zwischen A, B und C.","24.0","0.0","Burgstallmühle 1, Voggendorf (bei Bechhofen), Burgstallmühle / Voggendorf  91572","Burgstallmühle","Burgstallmühle 1, Voggendorf (bei Bechhofen)","91572","Burgstallmühle / Voggendorf","DO 19:00-21:00
FR 09:00-18:00
SA 09:00-18:00
SO 09:00-15:00
Di. 18:00-21:00 ONLINE","Session","","THU","2027-04-08","19:00","21:00",""
"","","","","","","","","","","","","","","","","","","","Session","","FRI","2027-04-09","09:00","18:00",""
"","","","","","","","","","","","","","","","","","","","Session","","SAT","2027-04-10","09:00","18:00",""
"","","","","","","","","","","","","","","","","","","","Session","","SUN","2027-04-11","09:00","15:00",""
"35","B5","Selbsterfahrung in der Fremdrolle **Problemzentriertes Rollenspiel**","2027-04-22 09:00:00","2027-04-25 09:00:00","Selbsterfahrung in der Fremdrolle **Problemzentriertes Rollenspiel**","","dasei","Christine Oppel","Burgstallmühle","An diesem WE wird der Fokus kleiner, persönlicher. Anhand fiktiver, sozialer Konflikte werden Situationskarten entwickelt und Rollenspiele angelegt. In der Auswertung fließen dann sämtliche Betrachtungen, nämlich aus der Rolle der Spieler:innen und der Beobachter:innen ein.  Im übenden Rollenspiel kannst du Verhaltensänderungen und Ziele ausprobieren und Lösungsmöglichkeiten mit der Gruppe erarbeiten.","37.0","0.0","Burgstallmühle 1, Voggendorf (bei Bechhofen), Burgstallmühle / Voggendorf  91572","Burgstallmühle","Burgstallmühle 1, Voggendorf (bei Bechhofen)","91572","Burgstallmühle / Voggendorf","DO 19:00-21:00
FR 09:00-18:00
SA 09:00-18:00
SO 09:00-15:00
Di. 18:00-21:00 ONLINE","Session","","THU","2027-04-22","19:00","21:00",""
"","","","","","","","","","","","","","","","","","","","Session","","FRI","2027-04-23","09:00","18:00",""
"","","","","","","","","","","","","","","","","","","","Session","","SAT","2027-04-24","09:00","18:00",""
"","","","","","","","","","","","","","","","","","","","Session","","SUN","2027-04-25","09:00","15:00",""
"44","LB","Wie der Prozess zum Ergebnis wird **3 Impros mit Elementarer Animation**","2027-04-24 09:00:00","2027-04-25 09:00:00","Wie der Prozess zum Ergebnis wird **3 Impros mit Elementarer Animation**","True","dasei","Hans Dönitz","Nbg: Tanzerei","Wir wiederholen zunächst Grundlagen der Elementaren Animation. Anschließend lernen wir am Beispiel von drei bekannten Endlos-Spielen aus dem Improtheater, wie wir schrittweise eine Dauer-Improvisation etablieren. Geeignet für verschiedenste Zielgruppen.","24.0","0.0","Kaiserstr. 177, Nürnberg/Fürth  90763","Nbg: Tanzerei","Kaiserstr. 177","90763","Nürnberg/Fürth","FR 18:00-20:00 online
SA 09:15-18:15
SO 09:00-15:00
DI 18:00-21:00 online","Session","","SAT","2027-04-24","09:15","18:15",""
"","","","","","","","","","","","","","","","","","","","Session","","SUN","2027-04-25","09:00","15:00",""
"","","","","","","","","","","","","","","","","","","","Session","Microsoft Teams","FRI","","18:00","20:00",""
"","","","","","","","","","","","","","","","","","","","Session","Microsoft Teams","TUE","","18:00","21:00",""
"72","K2","Theorie und Geschichte der Theaterpädagogik **War 1789 der Anfang?**","2027-04-30 09:00:00","2027-05-02 09:00:00","Theorie und Geschichte der Theaterpädagogik **War 1789 der Anfang?**","True","dasei","Hans Dönitz","","Rund um die Franz. Revolution und den Fall der Mauer 200 Jahre später haben sich in Europa entscheidende Bewegungen geformt, die maßgeblich auch auf die entstehende Theaterpädagogik eingewirkt haben.","24.0","0.0","","","","","","FR 18:00-21:00 _online_
SA 09:00-12:00 _online_
SO 09:00-12:00 _online_
DI 18:00-21:00 _online_","Session","Microsoft Teams","FRI","2027-04-30","18:00","21:00","Online"
"","","","","","","","","","","","","","","","","","","","Session","Microsoft Teams","SAT","2027-05-01","09:00","12:00","Online"
"","","","","","","","","","","","","","","","","","","","Session","Microsoft Teams","SUN","2027-05-02","09:00","12:00","Online"
"","","","","","","","","","","","","","","","","","","","Session","Microsoft Teams","TUE","","18:00","21:00","Online"
"67","TA","Profilprojekt 1: Animative Regie **Der Animationstag**","2027-05-06 09:00:00","2027-05-09 09:00:00","Profilprojekt 1: Animative Regie **Der Animationstag**","","dasei","Cornelia Jung","Nbg: freie Szene","Vorbereitung und Durchführung eines Animationstags in der Grundschule. Entwicklung eines weiterführenden Konzepts. Im Fokus des Kurses steht die Einfühlung in die zu animierende Zielgruppe. Es gilt, die Begegnung mit den Kindern so zu gestalten, dass auch in kurzer Zeit ein Erlebnis mit dem Thema des Theaterprojektes ermöglicht werden kann. Im weiteren Verlauf wird das Konzept des Vier-Tage-Modells theoretisch eingeführt. Darauf aufbauend und mit Blick für die Zielgruppe konzipierst und erprobst du Einstiegseinheiten für die Theaterprojektwoche TB.","36.0","0.0","Gibitzenhofstr. 62, Hinterhaus, 2.OG, Nürnberg","Nbg: freie Szene","Gibitzenhofstr. 62, Hinterhaus, 2.OG","","Nürnberg","DO 16:00-19:00
FR 08:00-18:00
SA 09:00-18:00
SO 09:00-15:00","Session","","THU","2027-05-06","16:00","19:00",""
"","","","","","","","","","","","","","","","","","","","Session","","FRI","2027-05-07","08:00","18:00",""
"","","","","","","","","","","","","","","","","","","","Session","","SAT","2027-05-08","09:00","18:00",""
"","","","","","","","","","","","","","","","","","","","Session","","SUN","2027-05-09","09:00","15:00",""
"42","A1","Einführung in die Kreisanimation **Am Anfang war der Kreis**","2027-05-06 09:00:00","2027-05-09 09:00:00","Einführung in die Kreisanimation **Am Anfang war der Kreis**","","dasei","Hans Dönitz","Burgstallmühle","Den Einstieg in die elementare Animation bilden die Kreisspiele. Hier kommen Grundregeln und -phänomene von interaktivem Spiel sehr deutlich zum Vorschein. Zunächst beschäftigen wir uns mit den einfachen und offensichtlichen Impulsen entlang der Kreisbahn und quer durch die Kreismitte und lernen dann, zahlreiche Grundanforderungen des Theaterspiels im Kreisspiel zu trainieren.","17.0","0.0","Burgstallmühle 1, Voggendorf (bei Bechhofen), Burgstallmühle / Voggendorf  91572","Burgstallmühle","Burgstallmühle 1, Voggendorf (bei Bechhofen)","91572","Burgstallmühle / Voggendorf","DO 19:00-21:00
FR 09:00-18:00
SA 09:00-18:00
SO 09:00-15:00
Di. 18:00-21:00 ONLINE","Session","","THU","2027-05-06","19:00","21:00",""
"","","","","","","","","","","","","","","","","","","","Session","","FRI","2027-05-07","09:00","18:00",""
"","","","","","","","","","","","","","","","","","","","Session","","SAT","2027-05-08","09:00","18:00",""
"","","","","","","","","","","","","","","","","","","","Session","","SUN","2027-05-09","09:00","15:00",""
"93","RD","Zwischen Butoh und Embodiment **Verkörperungen**","2027-06-04 09:00:00","2027-06-06 09:00:00","Zwischen Butoh und Embodiment **Verkörperungen**","","dasei","Cornelia Jung","Nbg: Tanzerei","In der Performance Kunst sind körperliche Grenzerfahrungen zentral. Wir begeben uns auf die Spurensuche unserer Existenz. Bilder, philosophische Überlegungen und Persönlichkeiten aus dem japanischen Butoh dienen uns als Inspirationsquelle.","21.0","0.0","Kaiserstr. 177, Nürnberg/Fürth  90763","Nbg: Tanzerei","Kaiserstr. 177","90763","Nürnberg/Fürth","FR 19:00-21:30
SA 09:00-18:00
SO 09:00-15:00","Session","","FRI","2027-06-04","19:00","21:30",""
"","","","","","","","","","","","","","","","","","","","Session","","SAT","2027-06-05","09:00","18:00",""
"","","","","","","","","","","","","","","","","","","","Session","","SUN","2027-06-06","09:00","15:00",""
"68","TB","Profilprojekt 1: Animative Regie **TSEE - Das 4-Tage-Modell**","2027-06-28 09:00:00","2027-07-02 09:00:00","Profilprojekt 1: Animative Regie **TSEE - Das 4-Tage-Modell**","","dasei","Cornelia Jung","","Das im Rahmen von TA etablierte Modell wird nun umgesetzt. Du erhältst die Gelegenheit einzelne Phasen des Projektes selbst anzuleiten und dadurch in dynamischen Austausch mit der Zielgruppe zu gelangen. Rollende Planung sowie die Umsetzbarkeit methodisch-didaktischer Entscheidungen stehen im Vordergrund der Reflexionsarbeit.","62.0","0.0","","","","","","Anreise am SOnntag abends / Zeiten auf AnFRage
MO 08:00-14:00 + 16:00-19:00
DI 08:00-14:00  + 16:00-19:00
MI 08:00-14:00  + 16:00-19:00
DO 08:00-14:00  + 16:00-19:00
FR 08:00-16:00","Session","","MON","2027-06-28","08:00","14:00",""
"","","","","","","","","","","","","","","","","","","","Session","","TUE","2027-06-29","08:00","14:00",""
"","","","","","","","","","","","","","","","","","","","Session","","WED","2027-06-30","08:00","14:00",""
"","","","","","","","","","","","","","","","","","","","Session","","THU","2027-07-01","08:00","14:00",""
"","","","","","","","","","","","","","","","","","","","Session","","FRI","2027-07-02","08:00","16:00",""
"73","H1","Physisches Theater: Terminologie und Konzepte **Das Vokabular**","2027-07-02 09:00:00","2027-07-04 09:00:00","Physisches Theater: Terminologie und Konzepte **Das Vokabular**","","dasei","Eleanora Allerdings","Mue: H-Lingg","Wie geht das? Atmosphären, Bilder, Geschichten entstehen lassen nur mit Körper, Raum, Bewegung. Welche Beschränkungen erlegt uns das auf, welche Freiheiten verschafft es uns? Wir untersuchen Begriffe, die Bewegung beschreiben, anweisen oder hervorlocken und beschäftigen uns mit verschiedenen Konzepten zeitgenössischen physischen Theaters.","24.0","0.0","Lachdach Atelier, Hermann-Lingg-Str. 2 / 3. Stock, München  80336","Mue: H-Lingg","Lachdach Atelier, Hermann-Lingg-Str. 2 / 3. Stock","80336","München","FR 19:00-21:30
SA 09:00-18:00
SO 09:00-15:00","Session","","FRI","2027-07-02","19:00","21:30",""
"","","","","","","","","","","","","","","","","","","","Session","","SAT","2027-07-03","09:00","18:00",""
"","","","","","","","","","","","","","","","","","","","Session","","SUN","2027-07-04","09:00","15:00",""
"74","K3","Management theaterpädagogischer Formate und Projekte **Eine Woche hat 7 Tage**","2027-07-16 09:00:00","2027-07-18 09:00:00","Management theaterpädagogischer Formate und Projekte **Eine Woche hat 7 Tage**","","dasei","Hans Dönitz","Nbg: Tanzerei","Wir bilden aufbauend auf den drei Grundgrößen Kurs-, Projekt- und Workshopformat klare Abläufe des Entscheidens und Organisierens.","24.0","0.0","Kaiserstr. 177, Nürnberg/Fürth  90763","Nbg: Tanzerei","Kaiserstr. 177","90763","Nürnberg/Fürth","FR 18:00-21:30
SA 8:45-18:00
SO 8:45-15:00","Session","","FRI","2027-07-16","18:00","21:30",""
"","","","","","","","","","","","","","","","","","","","Session","","SAT","2027-07-17","08:45","18:00",""
"","","","","","","","","","","","","","","","","","","","Session","","SUN","2027-07-18","08:45","15:00",""
"19","H2","Physisches Theater: Physisch inszenieren **Denken in Bewegung**","2027-09-05 09:00:00","2027-09-12 09:00:00","Physisches Theater: Physisch inszenieren **Denken in Bewegung**","","dasei","Eleanora Allerdings","Burgstallmühle","In dieser sehr intensiven Phase erarbeitet die Gruppe zwei Inszenierungen zu zwei unterschiedlichen Thematiken. Ein jeweils spezifisches Bewegungstraining legt die Grundlage dafür. Experimentell finden wir zu
Bewegungsvokabular und Ästhetik, die zum Thema und den Spielenden passen.","92.0","0.0","Burgstallmühle 1, Voggendorf (bei Bechhofen), Burgstallmühle / Voggendorf  91572","Burgstallmühle","Burgstallmühle 1, Voggendorf (bei Bechhofen)","91572","Burgstallmühle / Voggendorf","täglich 9:00-19:00 Uhr mit großer Pause","Session","","SUN","2027-09-05","09:00","19:00",""
"","","","","","","","","","","","","","","","","","","","Session","","MON","2027-09-06","09:00","19:00",""
"","","","","","","","","","","","","","","","","","","","Session","","TUE","2027-09-07","09:00","19:00",""
"","","","","","","","","","","","","","","","","","","","Session","","WED","2027-09-08","09:00","19:00",""
"","","","","","","","","","","","","","","","","","","","Session","","THU","2027-09-09","09:00","19:00",""
"","","","","","","","","","","","","","","","","","","","Session","","FRI","2027-09-10","09:00","19:00",""
"","","","","","","","","","","","","","","","","","","","Session","","SAT","2027-09-11","09:00","19:00",""
"","","","","","","","","","","","","","","","","","","","Session","","SUN","2027-09-12","09:00","19:00",""
"86","P2","abschließendes selbstverantwortetes Praxisprojekt mit einer Zielgruppe im Kurs-, Workshop- oder Projektformat **Eigenes Praxisprojekt**","2027-09-15 09:00:00","2028-06-11 09:00:00","abschließendes selbstverantwortetes Praxisprojekt mit einer Zielgruppe im Kurs-, Workshop- oder Projektformat **Eigenes Praxisprojekt**","","dasei","","","Das eigene Praxisfeld soll möglichst in den letzten 1,5 Jahren vor BuT-Prüfung angesetzt werden (optimal: Start nach Termin K1). Ein in der Grundstufe bereits angelegtes Projekt kann aufgegriffen und fortgesetzt werden.","110.0","0.0","","","","","","","","","","","","",""
"85","P1","Mitwirkung und selbstverantwortete Erkundungen im Praxisfeld **Erfahrungen im Praxisfeld**","2027-09-15 09:00:00","2028-06-09 09:00:00","Mitwirkung und selbstverantwortete Erkundungen im Praxisfeld **Erfahrungen im Praxisfeld**","","dasei","","","Praktikum, Assistenz, Mitarbeit, freiberufliche Projekte (Bescheinigung mit Gutachten erforderlich)","150.0","0.0","","","","","","","","","","","","",""
"84","K6","Websites in der Theaterpädagogik **Digitale Infrastruktur**","2027-09-21 09:00:00","2027-12-14 09:00:00","Websites in der Theaterpädagogik **Digitale Infrastruktur**","True","dasei","Hans Dönitz","","Vor Kurzem noch wie ‚Aufkleber‘ im Internet platzierte Websites entwickeln sich zum Dreh- und Angelpunkt einer zeitgemäßen Professionalität.","24.0","0.0","","","","","","8 Termine online je 3h DI 18:00-21:00","Session","Microsoft Teams","TUE","2027-09-21","18:00","21:00",""
"41","A4","Präsentation einer Geschichte **Szenische Lesung**","2027-09-23 09:00:00","2027-09-26 09:00:00","Präsentation einer Geschichte **Szenische Lesung**","","dasei","Kathrin Jung","Burgstallmühle","Du erarbeitest dir spezifische Techniken, die es dir ermöglichen, unmittelbar in verschiedene Rollen zu schlüpfen. Für das teilnehmende Publikum bringst du auf diese Weise die Magie einer Geschichte zum Vorschein und interagierst als Animationsfigur. Die durch sie vermittelten Erlebnissen, können zum Auftakt eines Theaterstücks werden.","17.0","0.0","Burgstallmühle 1, Voggendorf (bei Bechhofen), Burgstallmühle / Voggendorf  91572","Burgstallmühle","Burgstallmühle 1, Voggendorf (bei Bechhofen)","91572","Burgstallmühle / Voggendorf","DO 19:00-21:00
FR 09:00-18:00
SA 09:00-18:00
SO 09:00-15:00
Di. 18:00-21:00 ONLINE","Session","","THU","2027-09-23","19:00","21:00",""
"","","","","","","","","","","","","","","","","","","","Session","","FRI","2027-09-24","09:00","18:00",""
"","","","","","","","","","","","","","","","","","","","Session","","SAT","2027-09-25","09:00","18:00",""
"","","","","","","","","","","","","","","","","","","","Session","","SUN","2027-09-26","09:00","15:00",""
"75","K4","Lektüre-Seminar Theaterpädagogische Didaktik **Das didaktische Dreieck**","2028-01-21 09:00:00","2028-01-23 09:00:00","Lektüre-Seminar Theaterpädagogische Didaktik **Das didaktische Dreieck**","","dasei","Hans Dönitz","Nbg: freie Szene","Wir gehen zurück in die 3 Module A-B-C der Grundlagenbildung, verbinden sie mit dem TZI-Modell zur Gruppendynamik und stellen Bezüge zur allgemeinen deutschsprachigen Theorie der Theaterpädagogik her.","24.0","0.0","Gibitzenhofstr. 62, Hinterhaus, 2.OG, Nürnberg","Nbg: freie Szene","Gibitzenhofstr. 62, Hinterhaus, 2.OG","","Nürnberg","FR 17:00-21:30
SA 8:45-18:00
SO 8:45-15:00","Session","","FRI","2028-01-21","17:00","21:30",""
"","","","","","","","","","","","","","","","","","","","Session","","SAT","2028-01-22","08:45","18:00",""
"","","","","","","","","","","","","","","","","","","","Session","","SUN","2028-01-23","08:45","15:00",""
"94","B7","Eine Bühne voll Erfahrung **Forumtheater**","2028-01-22 09:00:00","2028-01-23 09:00:00","Eine Bühne voll Erfahrung **Forumtheater**","True","dasei","Christine Oppel","Nbg: Tanzerei","Die Methode des Forumtheaters nach Augusto Boal lässt Theaterpädagog*innen zu Jokern werden und das Publikum zu ZuSchauspielenden. Eine soziale Situation der Unterdrückung wird sichtbar und nachfühlbar auf die Bühne gestellt. Vom Rollenspiel zum Schauspiel. Diese Wiederholbarkeit der zugespitzten Konfliktsituation ermöglicht das Ausprobieren vielerlei Lösungswege.","24.0","0.0","Kaiserstr. 177, Nürnberg/Fürth  90763","Nbg: Tanzerei","Kaiserstr. 177","90763","Nürnberg/Fürth","FR 18:00-20:00 online
SA 09:15-18:15
SO 09:00-15:00
DI 18:00-21:00 online","Session","","SAT","2028-01-22","09:15","18:15",""
"","","","","","","","","","","","","","","","","","","","Session","","SUN","2028-01-23","09:00","15:00",""
"","","","","","","","","","","","","","","","","","","","Session","Microsoft Teams","TUE","","18:00","21:00",""
"","","","","","","","","","","","","","","","","","","","Session","Microsoft Teams","FRI","","18:00","20:00",""
"91","RD","Zwischen Butoh und Embodiment **Verkörperungen**","2028-02-25 09:00:00","2028-02-27 09:00:00","Zwischen Butoh und Embodiment **Verkörperungen**","","dasei","Rosalin Hertrich","Mue: Welt-Haus","In der Performance Kunst sind körperliche Grenzerfahrungen zentral. Wir begeben uns auf die Spurensuche unserer Existenz. Bilder, philosophische Überlegungen und Persönlichkeiten aus dem japanischen Butoh dienen uns als Inspirationsquelle.","21.0","0.0","Schwanthalerstr. 80, München  80336","Mue: Welt-Haus","Schwanthalerstr. 80","80336","München","FR 18:15-21:30
SA 09:00-18:00
SO 09:00-15:00","Session","","FRI","2028-02-25","18:15","21:30",""
"","","","","","","","","","","","","","","","","","","","Session","","SAT","2028-02-26","09:00","18:00",""
"","","","","","","","","","","","","","","","","","","","Session","","SUN","2028-02-27","09:00","15:00",""
"92","LA","Anfänge verstehen und gestalten **Thematische Warm Ups**","2028-03-17 08:00:00","2028-03-19 08:00:00","Anfänge verstehen und gestalten **Thematische Warm Ups**","","dasei","Cornelia Jung","Nbg: Tanzerei","Anfänge sind emotional anstrengend und bedürfen bewusster Gestaltung, um kreative Gruppenprozesse in Gang zu bringen. Das Seminar befasst sich mit den spezifischen Herausforderungen klassischer Anfangssituationen in der Theaterarbeit.","21.0","0.0","Kaiserstr. 177, Nürnberg/Fürth  90763","Nbg: Tanzerei","Kaiserstr. 177","90763","Nürnberg/Fürth","FR 19:00-21:30
SA 09:00-18:00
SO 09:00-15:00","Session","","FRI","2028-03-17","19:00","21:30",""
"","","","","","","","","","","","","","","","","","","","Session","","SAT","2028-03-18","09:00","18:00",""
"","","","","","","","","","","","","","","","","","","","Session","","SUN","2028-03-19","09:00","15:00",""
"90","LD","Das Zwei Kreise-Modell in der Anwendung **Elementare Animation im Praxisfeld**","2028-04-29 09:00:00","2028-04-30 09:00:00","Das Zwei Kreise-Modell in der Anwendung **Elementare Animation im Praxisfeld**","True","dasei","Hans Dönitz","Nbg: Tanzerei","Wir erspielen uns drei Animations-Konzepte der Elementaren Animation und diskutieren die Anwendungsmöglichkeiten:
• das Bauernhof-Spiel für Kinder im Übergang von Krippe zu Kindergarten
• Jugendliche machen Hip-Hop-Theater
• Einstiegsanimation aus dem Bereich Fachkräfte & Unternehmenstheater","24.0","0.0","Kaiserstr. 177, Nürnberg/Fürth  90763","Nbg: Tanzerei","Kaiserstr. 177","90763","Nürnberg/Fürth","FR 18:00-20:00 online
SA 09:15-18:15
SO 09:00-15:00
DI 18:00-21:00 online","Session","","SAT","2028-04-29","09:15","18:15",""
"","","","","","","","","","","","","","","","","","","","Session","","SUN","2028-04-30","09:00","15:00",""
"","","","","","","","","","","","","","","","","","","","Session","Microsoft Teams","FRI","","18:00","20:00",""
"","","","","","","","","","","","","","","","","","","","Session","Microsoft Teams","TUE","","18:00","21:00",""
"76","P3","fachtheoretische Ausarbeitung zu einem selbstgestellten Thema 30-40 S. (Abgabefrist) **Abschlussarbeit**","2028-05-10 09:00:00","2028-05-10 09:00:00","fachtheoretische Ausarbeitung zu einem selbstgestellten Thema 30-40 S. (Abgabefrist) **Abschlussarbeit**","","dasei","","","","40.0","0.0","","","","","","","","","","","","",""
